City_ID,City,Country,Lat,Lng,Max Temp,Humidity,Cloudiness,Wind Speed,Current Description
0,Rikitea,PF,-23.1203,-134.9692,74.86,80,100,18.63,light rain
1,Kapaa,US,22.0752,-159.319,80.58,76,1,3.0,clear sky
2,Portland,US,45.5234,-122.6762,57.36,86,90,3.0,light rain
3,Port Alfred,ZA,-33.5906,26.891,66.56,82,85,29.17,overcast clouds
4,Bambous Virieux,MU,-20.3428,57.7575,74.21,73,20,14.79,few clouds
5,Saskylakh,RU,71.9167,114.0833,0.39,98,100,1.57,overcast clouds
6,Luena,AO,-11.7833,19.9167,62.58,94,99,1.07,moderate rain
7,Esperance,AU,-33.8667,121.9,48.04,91,5,12.64,clear sky
8,East London,ZA,-33.0153,27.9116,66.88,81,86,20.22,overcast clouds
9,Ilulissat,GL,69.2167,-51.1,14.02,52,20,3.44,few clouds
10,Severnoye,RU,56.3491,78.3619,28.83,70,77,16.51,broken clouds
11,Piacabucu,BR,-10.4056,-36.4344,78.55,78,37,11.07,scattered clouds
12,Saint-Philippe,RE,-21.3585,55.7679,71.15,82,20,11.97,few clouds
13,Faanui,PF,-16.4833,-151.75,78.24,77,66,8.43,broken clouds
14,Koch Bihar,IN,26.3167,89.4333,69.44,85,0,3.04,clear sky
15,Atlantic City,US,39.3643,-74.4229,67.01,71,90,16.11,overcast clouds
16,Hilo,US,19.7297,-155.09,80.26,67,1,4.61,clear sky
17,Ushuaia,AR,-54.8,-68.3,47.82,71,75,24.16,light intensity drizzle
18,Hambantota,LK,6.1241,81.1185,76.55,87,100,6.38,overcast clouds
19,Orange,US,33.7,-117.7675,71.78,64,20,1.99,few clouds
20,Saint George,US,37.1041,-113.5841,62.64,36,1,5.99,clear sky
21,San Luis,AR,-33.295,-66.3356,94.37,7,6,18.66,clear sky
22,Hervey Bay,AU,-25.2986,152.8535,74.01,85,7,5.66,clear sky
23,Ponta Do Sol,PT,32.6667,-17.1,70.43,63,9,5.17,clear sky
24,Zarautz,ES,43.2844,-2.1699,60.21,84,18,3.49,few clouds
25,Athabasca,CA,54.7169,-113.2854,48.61,36,90,7.05,overcast clouds
26,Port Elizabeth,ZA,-33.918,25.5701,68.09,82,90,18.41,overcast clouds
27,Aranos,NA,-24.1333,19.1167,78.96,9,20,9.24,few clouds
28,Punta Arenas,CL,-53.15,-70.9167,51.91,58,0,39.12,clear sky
29,Carnarvon,AU,-24.8667,113.6333,66.27,52,90,8.05,overcast clouds
30,Bengkulu,ID,-3.8004,102.2655,75.67,89,100,5.97,moderate rain
31,Yenagoa,NG,4.9247,6.2642,76.73,88,35,4.07,scattered clouds
32,Iqaluit,CA,63.7506,-68.5145,33.53,74,75,8.99,broken clouds
33,Lazaro Cardenas,MX,17.9583,-102.2,84.74,71,93,4.56,overcast clouds
34,Bundaberg,AU,-24.85,152.35,71.22,95,30,1.01,scattered clouds
35,Tasiilaq,GL,65.6145,-37.6368,33.06,87,100,3.04,light snow
36,Hermanus,ZA,-34.4187,19.2345,64.8,83,100,17.36,overcast clouds
37,Hofn,IS,64.2539,-15.2082,41.14,93,100,29.24,heavy intensity rain
38,Hobart,AU,-42.8794,147.3294,43.27,92,20,3.0,few clouds
39,Challans,FR,46.8436,-1.8749,53.51,89,100,5.32,overcast clouds
40,Mataura,NZ,-46.1927,168.8643,52.88,97,97,0.87,overcast clouds
41,New Norfolk,AU,-42.7826,147.0587,42.91,81,13,2.42,few clouds
42,Borba,BR,-4.3878,-59.5939,85.19,75,99,3.06,overcast clouds
43,Chuy,UY,-33.6971,-53.4616,80.55,53,0,7.9,clear sky
44,Tuktoyaktuk,CA,69.4541,-133.0374,28.4,100,90,6.91,overcast clouds
45,Arraial Do Cabo,BR,-22.9661,-42.0278,75.16,88,75,10.36,broken clouds
46,Port-Gentil,GA,-0.7193,8.7815,80.56,83,40,12.66,scattered clouds
47,Avarua,CK,-21.2078,-159.775,77.05,65,82,11.5,broken clouds
48,Cariati,IT,39.4922,16.9594,64.27,70,100,5.46,overcast clouds
49,Dikson,RU,73.5069,80.5464,13.48,85,100,10.31,overcast clouds
50,Cidreira,BR,-30.1811,-50.2056,75.09,59,0,9.06,clear sky
51,Asau,RO,46.4333,26.4,41.92,55,0,4.88,clear sky
52,Busselton,AU,-33.65,115.3333,48.04,91,100,7.34,overcast clouds
53,Narni,IT,42.5171,12.5231,60.17,78,99,3.27,overcast clouds
54,Arlit,NE,18.7369,7.3853,88.92,11,0,7.38,clear sky
55,Atuona,PF,-9.8,-139.0333,77.34,67,6,14.92,clear sky
56,Nome,US,64.5011,-165.4064,24.87,74,90,5.75,light snow
57,Ola,RU,59.5833,151.2833,23.0,79,29,7.14,scattered clouds
58,Nikolskoye,RU,59.7035,30.7861,45.88,89,100,7.29,light rain
59,Ballina,AU,-28.8667,153.5667,67.96,96,90,3.44,overcast clouds
60,North Bend,US,43.4065,-124.2243,61.25,95,90,21.85,mist
61,Alofi,NU,-19.0595,-169.9187,76.89,78,75,13.8,broken clouds
62,Jamestown,US,42.097,-79.2353,44.71,99,90,8.01,light rain
63,Guarapari,BR,-20.6667,-40.4975,76.89,90,74,5.59,broken clouds
64,Rocha,UY,-34.4833,-54.3333,81.61,56,0,9.31,clear sky
65,Barrow,US,71.2906,-156.7887,24.82,86,90,5.75,overcast clouds
66,Barranca,PE,-10.75,-77.7667,66.67,72,87,9.78,overcast clouds
67,Waipawa,NZ,-41.4122,175.5153,56.03,72,100,9.82,overcast clouds
68,Yaan,NG,7.3833,8.5667,76.3,87,22,4.45,few clouds
69,Luderitz,NA,-26.6481,15.1594,58.55,93,2,1.99,clear sky
70,Bluff,NZ,-46.6,168.3333,52.18,92,95,1.97,overcast clouds
71,Vaini,TO,-21.2,-175.2,73.56,83,40,10.36,scattered clouds
72,Bathsheba,BB,13.2167,-59.5167,86.61,66,20,18.41,few clouds
73,Thompson,CA,55.7435,-97.8558,35.76,93,90,6.91,overcast clouds
74,Guerrero Negro,MX,27.9769,-114.0611,69.98,50,0,22.5,clear sky
75,Havre-Saint-Pierre,CA,50.2334,-63.5986,48.79,57,1,6.91,clear sky
76,Amparafaravola,MG,-17.5833,48.2167,62.01,88,0,3.91,clear sky
77,Coquimbo,CL,-29.9533,-71.3436,62.33,72,75,12.66,broken clouds
78,Lebu,CL,-37.6167,-73.65,56.37,74,0,17.6,clear sky
79,Kunda,IN,25.7167,81.5167,70.0,59,0,5.86,clear sky
80,Iberia,US,29.9502,-91.7507,84.97,60,76,6.29,broken clouds
81,Hithadhoo,MV,-0.6,73.0833,83.12,73,100,18.21,overcast clouds
82,Kibuye,RW,-2.0597,29.3482,67.96,74,81,2.46,broken clouds
83,Albany,US,42.6001,-73.9662,56.62,94,100,1.01,moderate rain
84,Torbay,CA,47.6666,-52.7314,43.57,75,75,6.91,broken clouds
85,Yellowknife,CA,62.456,-114.3525,38.41,100,90,4.61,mist
86,Butaritari,KI,3.0707,172.7902,82.47,75,44,12.3,scattered clouds
87,Aswan,EG,24.0934,32.907,83.5,28,0,6.91,clear sky
88,Santa Cruz De La Palma,ES,28.6835,-17.7642,71.74,64,40,12.66,scattered clouds
89,Cape Town,ZA,-33.9258,18.4232,71.28,61,0,4.0,clear sky
90,Faya,SA,18.3851,42.4509,62.71,59,3,0.54,clear sky
91,Hyeres,FR,43.1167,6.1167,63.68,82,0,3.44,clear sky
92,Estelle,US,29.8458,-90.1067,84.99,62,75,5.75,broken clouds
93,Sulina,RO,45.1559,29.6536,50.43,67,20,8.57,few clouds
94,Victoria,HK,22.2855,114.1577,78.33,86,100,1.01,light rain
95,Viedma,AR,-40.8135,-62.9967,87.37,10,1,16.53,clear sky
96,Cherskiy,RU,68.75,161.3,-19.1,100,97,4.52,overcast clouds
97,Khatanga,RU,71.9667,102.5,-2.52,100,99,3.06,overcast clouds
98,Port Blair,IN,11.6667,92.75,80.37,82,63,6.69,broken clouds
99,Biak,ID,-0.9131,122.8766,76.44,84,81,0.69,broken clouds
100,Muisne,EC,0.6,-80.0333,84.31,83,100,9.66,overcast clouds
101,Bethel,US,41.3712,-73.414,61.52,93,100,3.0,light rain
102,Cabo San Lucas,MX,22.8909,-109.9124,90.52,54,3,8.99,clear sky
103,Lompoc,US,34.6391,-120.4579,74.57,54,1,12.66,clear sky
104,Ribeira Grande,PT,38.5167,-28.7,72.0,88,75,18.41,broken clouds
105,Tartagal,AR,-22.5164,-63.8013,96.94,10,3,9.62,clear sky
106,Oga,IT,46.4631,10.347,35.69,88,6,5.03,clear sky
107,Souillac,MU,-20.5167,57.5167,74.35,75,9,12.82,clear sky
108,Qaanaaq,GL,77.484,-69.3632,18.1,94,100,14.45,light snow
109,Pevek,RU,69.7008,170.3133,10.9,93,100,11.9,light snow
110,Banda Aceh,ID,5.5577,95.3222,78.64,82,99,7.87,overcast clouds
111,Shreveport,US,32.5251,-93.7502,84.04,52,90,10.36,overcast clouds
112,Deep River,CA,46.1001,-77.4995,46.15,95,100,8.05,overcast clouds
113,Nouadhibou,MR,20.931,-17.0347,71.58,73,100,19.57,overcast clouds
114,Belaya Gora,RU,68.5333,146.4167,-9.53,100,73,1.99,broken clouds
115,Fortuna,US,40.5982,-124.1573,59.09,71,90,14.0,overcast clouds
116,Longyearbyen,SJ,78.2186,15.6401,13.84,73,20,8.05,few clouds
117,Usinsk,RU,65.9939,57.5281,12.51,97,61,9.46,broken clouds
118,Oranjemund,NA,-28.55,16.4333,61.61,86,2,5.97,clear sky
119,Tarakan,ID,3.3,117.6333,79.99,79,100,1.63,overcast clouds
120,Chokurdakh,RU,70.6333,147.9167,-11.65,99,93,4.63,overcast clouds
121,Mahebourg,MU,-20.4081,57.7,74.25,73,14,14.61,few clouds
122,Watsa,CD,3.0372,29.5355,62.6,98,63,2.84,moderate rain
123,Carutapera,BR,-1.195,-46.02,83.55,72,19,10.83,few clouds
124,Okhotsk,RU,59.3833,143.3,21.74,86,99,6.67,overcast clouds
125,Laguna,US,38.421,-121.4238,66.25,67,90,3.0,overcast clouds
126,Nanortalik,GL,60.1432,-45.2371,36.27,67,83,3.8,broken clouds
127,Cockburn Town,TC,21.4612,-71.1419,82.53,70,93,6.26,overcast clouds
128,Provideniya,RU,64.3833,-173.3,19.51,63,90,0.0,light snow
129,Syntul,RU,55.0033,41.2971,36.55,74,100,10.6,overcast clouds
130,Tiksi,RU,71.6872,128.8694,14.05,95,100,2.55,light snow
131,Anderson,US,34.5334,-82.6499,74.44,50,1,1.01,clear sky
132,Korla,CN,41.7597,86.1469,46.11,42,0,2.51,clear sky
133,Shimoda,JP,34.6667,138.95,61.11,78,82,2.46,broken clouds
134,Auki,SB,-8.7676,160.7034,79.34,81,79,2.28,broken clouds
135,Kruisfontein,ZA,-34.0033,24.7314,65.88,81,100,18.45,overcast clouds
136,Constitucion,CL,-35.3333,-72.4167,63.66,66,28,18.57,scattered clouds
137,Atambua,ID,-9.1061,124.8925,75.88,79,82,1.86,broken clouds
138,Sumbe,AO,-11.2061,13.8437,75.34,78,86,8.43,overcast clouds
139,Pochutla,MX,15.7432,-96.4661,91.81,60,54,8.34,broken clouds
140,Cayenne,GF,4.9333,-52.3333,84.24,80,90,5.99,overcast clouds
141,Castro,BR,-24.7911,-50.0119,72.73,62,100,2.62,overcast clouds
142,Bredasdorp,ZA,-34.5322,20.0403,64.27,82,100,17.27,overcast clouds
143,Sao Filipe,CV,14.8961,-24.4956,79.45,75,79,9.93,broken clouds
144,Pangai,TO,-19.8,-174.35,77.11,69,20,10.36,few clouds
145,Taoudenni,ML,22.6783,-3.9836,91.29,14,96,6.96,overcast clouds
146,Labrea,BR,-7.2586,-64.7981,89.62,48,82,2.33,broken clouds
147,Yanam,IN,16.7333,82.2167,74.25,82,100,3.51,overcast clouds
148,Puerto Ayora,EC,-0.7393,-90.3518,76.96,78,88,11.05,overcast clouds
149,Boyolangu,ID,-8.1181,111.8935,76.15,90,100,3.78,overcast clouds
150,Potiskum,NG,11.7091,11.0694,84.7,20,54,7.05,broken clouds
151,Klaksvik,FO,62.2266,-6.589,52.72,86,100,25.84,overcast clouds
152,Upernavik,GL,72.7868,-56.1549,14.7,50,16,5.57,few clouds
153,Butterworth,MY,5.3991,100.3638,78.84,93,40,0.0,scattered clouds
154,Harper,LR,4.375,-7.7169,77.56,86,100,6.51,overcast clouds
155,Ossora,RU,59.2353,163.0719,20.71,85,82,5.21,broken clouds
156,Vila Franca Do Campo,PT,37.7167,-25.4333,70.21,87,24,11.48,few clouds
157,Ilo,PE,-17.6394,-71.3375,65.26,72,0,10.36,clear sky
158,Norman Wells,CA,65.282,-126.8329,28.44,86,75,2.3,light snow
159,Saint-Pierre,RE,-21.3393,55.4781,71.28,69,0,8.05,clear sky
160,Katherine,AU,-14.4667,132.2667,84.52,65,84,6.91,broken clouds
161,Hamilton,US,39.1834,-84.5333,58.95,55,40,3.0,scattered clouds
162,White Rock,CA,49.0164,-122.8026,55.96,83,100,7.0,light rain
163,Bafq,IR,31.6128,55.4107,62.4,21,0,3.74,clear sky
164,Chara,RU,56.9064,118.2631,26.67,77,44,2.93,scattered clouds
165,Maceio,BR,-9.6658,-35.7353,80.04,89,75,13.8,broken clouds
166,Hof,DE,50.3167,11.9167,48.11,89,100,7.0,overcast clouds
167,Lodja,CD,-3.4833,23.4333,70.86,98,99,1.9,moderate rain
168,Ostrovnoy,RU,68.0531,39.5131,29.01,89,100,9.64,overcast clouds
169,Moctezuma,MX,29.8,-109.6667,80.29,37,4,19.08,clear sky
170,Adre,TD,13.4667,22.2,83.61,24,49,3.89,scattered clouds
171,Dongsheng,CN,39.8161,109.9776,38.26,35,82,3.09,broken clouds
172,Lorengau,PG,-2.0226,147.2712,81.45,74,26,5.59,scattered clouds
173,Vanimo,PG,-2.6741,141.3028,76.71,91,51,4.85,heavy intensity rain
174,Kahului,US,20.8947,-156.47,85.26,62,20,5.75,few clouds
175,Wahiawa,US,21.5028,-158.0236,79.12,66,1,6.91,clear sky
176,Lamesa,US,32.7376,-101.951,90.66,16,0,21.36,clear sky
177,Lagoa,PT,39.05,-27.9833,69.75,87,100,27.0,overcast clouds
178,Kaitangata,NZ,-46.2817,169.8464,52.21,96,100,2.44,overcast clouds
179,Talnakh,RU,69.4865,88.3972,13.06,96,100,5.14,overcast clouds
180,Roald,NO,62.5833,6.1333,50.92,76,20,9.22,few clouds
181,San Patricio,US,28.017,-97.5169,89.06,61,100,17.11,overcast clouds
182,Kijang,KR,35.2442,129.2139,51.53,48,100,5.08,overcast clouds
183,Mandalgovi,MN,45.7625,106.2708,36.52,40,0,8.75,clear sky
184,Keti Bandar,PK,24.1447,67.4497,78.53,66,0,9.26,clear sky
185,Dauriya,RU,49.9333,116.8667,31.42,80,0,8.72,clear sky
186,Komsomolskiy,UZ,40.4272,71.7189,51.22,46,98,6.91,overcast clouds
187,Gravdal,NO,68.1214,13.5031,40.89,100,75,3.44,broken clouds
188,Umm Lajj,SA,25.0213,37.2685,79.48,61,0,4.34,clear sky
189,Ko Samui,TH,9.5357,99.9357,81.48,80,90,8.79,overcast clouds
190,Jieshi,CN,22.8134,115.8257,75.94,83,100,16.02,light rain
191,Hutchinson,US,38.0608,-97.9298,66.15,77,90,19.57,overcast clouds
192,Venado,MX,22.9333,-101.0833,77.31,40,100,15.75,overcast clouds
193,Hermagor,AT,46.6272,13.3672,48.9,83,46,3.96,scattered clouds
194,Valparai,IN,10.3667,76.9667,60.57,92,75,2.19,broken clouds
195,Haines Junction,CA,60.7522,-137.5108,21.15,86,100,1.14,overcast clouds
196,Svetlyy,RU,54.675,20.1347,48.25,88,96,17.87,overcast clouds
197,Americus,US,32.0724,-84.2327,73.53,43,0,8.05,clear sky
198,Berezovyy,RU,51.6667,135.7,38.68,82,100,1.63,overcast clouds
199,Yumen,CN,40.2833,97.2,37.18,68,0,5.59,clear sky
200,Barth,DE,54.3635,12.7249,54.1,66,100,16.67,overcast clouds
201,San Jeronimito,MX,17.55,-101.3333,84.43,73,100,3.62,overcast clouds
202,Fort Nelson,CA,58.8053,-122.7002,31.59,93,90,2.3,overcast clouds
203,Esmeraldas,BR,-19.7625,-44.3139,80.71,81,81,6.69,broken clouds
204,Olafsvik,IS,64.8945,-23.7142,43.11,73,100,26.26,overcast clouds
205,Kita,ML,13.0349,-9.4895,82.13,59,69,3.04,broken clouds
206,Hohhot,CN,40.8106,111.6522,28.69,69,0,6.71,clear sky
207,Amga,RU,60.8953,131.9608,30.76,93,100,1.34,overcast clouds
208,Touros,BR,-5.1989,-35.4608,81.5,70,13,15.17,few clouds
209,Kodiak,US,57.79,-152.4072,40.28,65,90,14.97,overcast clouds
210,Colares,PT,38.7992,-9.4469,68.29,53,0,5.01,clear sky
211,Namatanai,PG,-3.6667,152.4333,80.08,79,90,6.22,overcast clouds
212,Krasnaya Polyana,RU,56.242,51.1442,32.79,82,99,7.43,overcast clouds
213,San Juan,AR,-31.5375,-68.5364,96.22,6,2,7.65,clear sky
214,Porto Novo,BJ,6.4965,2.6036,80.42,82,60,5.32,broken clouds
215,Los Llanos De Aridane,ES,28.6585,-17.9182,67.75,73,40,7.0,scattered clouds
216,Portel,BR,-1.9356,-50.8211,84.9,71,46,2.26,scattered clouds
217,Sibi,PK,29.5448,67.8764,73.47,36,0,3.53,clear sky
218,Shasta Lake,US,40.6804,-122.3708,56.08,91,100,1.99,overcast clouds
219,Onega,RU,63.9061,38.1404,39.15,98,100,8.61,overcast clouds
220,Samarai,PG,-10.6167,150.6667,81.07,80,73,8.7,broken clouds
221,Katsuura,JP,35.1333,140.3,60.91,72,100,7.96,overcast clouds
222,Kavieng,PG,-2.5744,150.7967,81.64,73,73,0.49,broken clouds
223,Tabou,CI,4.423,-7.3528,77.41,87,100,6.87,overcast clouds
224,Margate,GB,51.3813,1.3862,59.04,82,98,1.99,overcast clouds
225,Guanica,PR,17.9716,-66.908,89.26,65,72,8.01,broken clouds
226,Leirvik,NO,59.7798,5.5005,51.62,85,100,16.93,light rain
227,Kamyshin,RU,50.0983,45.416,34.16,51,12,7.78,few clouds
228,Oistins,BB,13.0667,-59.5333,86.09,66,20,18.41,few clouds
229,Sao Jose Da Coroa Grande,BR,-8.8978,-35.1478,79.48,72,25,12.12,scattered clouds
230,San Pedro,PH,14.35,121.0167,78.35,90,40,0.0,scattered clouds
231,Kant,IN,27.8,79.8,66.83,63,0,5.61,clear sky
232,Severo-Kurilsk,RU,50.6789,156.125,43.07,88,100,3.78,overcast clouds
233,Yichun,CN,47.7,128.9,31.98,90,4,3.31,clear sky
234,Ketchikan,US,55.3422,-131.6461,46.87,81,90,16.11,moderate rain
235,Shitanjing,CN,39.2342,106.3439,44.71,37,100,1.88,overcast clouds
236,Ponta Delgada,PT,37.7333,-25.6667,70.52,83,75,14.97,broken clouds
237,Fayaoue,NC,-20.65,166.5333,75.67,81,60,12.35,broken clouds
238,Tessalit,ML,20.1986,1.0114,86.92,15,19,8.81,few clouds
239,Narsaq,GL,60.9167,-46.05,39.42,61,17,5.97,few clouds
240,Parsons,US,37.3403,-95.2611,72.86,60,11,20.51,few clouds
241,Blackwater,AU,-23.5833,148.8833,70.05,89,14,6.96,few clouds
242,Salaga,GH,8.5508,-0.5188,80.8,70,100,5.61,overcast clouds
243,Redmond,US,47.674,-122.1215,56.66,84,100,1.01,light rain
244,Port Lincoln,AU,-34.7333,135.8667,65.34,62,98,10.33,overcast clouds
245,Richards Bay,ZA,-28.783,32.0377,67.06,92,100,4.12,light rain
246,Parkes,AU,-33.1333,148.1833,48.34,69,6,5.21,clear sky
247,El Jicaro,GT,14.9167,-89.9,96.33,63,67,2.53,broken clouds
248,Gigmoto,PH,13.7796,124.39,78.76,88,90,8.41,overcast clouds
249,Surt,LY,31.2089,16.5887,73.78,68,19,12.57,few clouds
250,Hovd,MN,48.0056,91.6419,35.65,39,0,4.54,clear sky
251,Yerazgavors,AM,40.7,43.75,30.97,59,0,0.0,clear sky
252,San Cristobal,VE,7.7669,-72.225,77.18,64,82,5.55,broken clouds
253,Mingyue,CN,43.1069,128.9217,40.86,75,0,8.68,clear sky
254,Itarema,BR,-2.9248,-39.9167,82.11,70,5,18.21,clear sky
255,Gao,ML,16.6362,1.637,88.74,11,4,8.68,clear sky
256,Opuwo,NA,-18.0607,13.84,72.28,22,27,8.95,scattered clouds
257,Hay River,CA,60.8156,-115.7999,40.98,93,75,6.91,broken clouds
258,Carauari,BR,-4.8828,-66.8958,81.77,78,69,2.68,broken clouds
259,Port Hardy,CA,50.6996,-127.4199,48.38,93,90,11.5,shower rain
260,Priverno,IT,41.4691,13.1856,62.58,90,100,2.77,overcast clouds
261,Mitsamiouli,KM,-11.3847,43.2844,78.78,80,78,5.55,broken clouds
262,Stornoway,GB,58.2093,-6.3865,53.56,82,100,12.66,overcast clouds
263,Chapais,CA,49.7834,-74.8492,47.98,52,100,8.59,overcast clouds
264,Sisimiut,GL,66.9395,-53.6735,20.75,61,62,10.33,broken clouds
265,Totness,SR,5.8833,-56.3167,80.6,84,93,8.19,overcast clouds
266,Bandarbeyla,SO,9.4942,50.8122,78.06,79,8,4.18,clear sky
267,Eenhana,NA,-17.4667,16.3333,80.44,31,87,4.85,overcast clouds
268,Mitu,CO,1.1983,-70.1733,80.19,89,96,1.92,overcast clouds
269,Tevaitoa,PF,-16.7833,-151.5,78.12,76,46,6.67,scattered clouds
270,Varadero,CU,23.1536,-81.2514,86.76,73,100,8.21,overcast clouds
271,Barpathar,IN,26.3,93.8667,68.09,93,0,0.22,clear sky
272,Pathein,MM,16.7833,94.7333,74.75,93,54,1.5,broken clouds
273,Zakamensk,RU,50.3741,103.2863,32.61,68,8,2.84,clear sky
274,San Isidro,PE,-12.1167,-77.05,68.25,51,75,1.01,broken clouds
275,Suzdal,RU,56.4281,40.4414,36.36,77,100,11.83,overcast clouds
276,Innisfail,AU,-17.5333,146.0333,75.83,74,91,1.14,overcast clouds
277,Mount Isa,AU,-20.7333,139.5,69.57,56,66,0.0,light rain
278,Chicama,PE,-7.8447,-79.1469,63.14,59,85,10.25,overcast clouds
279,Paripiranga,BR,-10.6875,-37.8617,79.59,52,6,15.37,clear sky
280,Pisco,PE,-13.7,-76.2167,68.05,64,0,21.85,clear sky
281,Wajima,JP,37.4,136.9,58.78,77,100,5.99,overcast clouds
282,Georgetown,MY,5.4112,100.3354,78.73,93,40,0.0,scattered clouds
283,Verkhnyaya Inta,RU,65.9811,60.3094,20.1,93,100,12.21,light snow
284,Saint-Francois,FR,46.4154,3.9054,45.68,93,0,2.3,clear sky
285,Hastings,GB,50.8552,0.5729,60.3,82,99,19.28,overcast clouds
286,Yangambi,CD,0.8102,24.4336,71.56,94,99,1.74,light rain
287,Port Macquarie,AU,-31.4333,152.9167,62.38,100,11,0.0,few clouds
288,Urumqi,CN,43.801,87.6005,36.55,65,0,4.47,clear sky
289,Mar Del Plata,AR,-38.0023,-57.5575,71.62,71,0,8.01,clear sky
290,Grand-Santi,GF,4.25,-54.3833,90.79,47,76,2.19,broken clouds
291,Namibe,AO,-15.1961,12.1522,64.89,79,28,8.41,scattered clouds
292,Varhaug,NO,58.6147,5.6457,48.88,92,100,21.52,light rain
293,Husavik,IS,66.0449,-17.3389,39.11,90,100,18.05,overcast clouds
294,Hella,NO,67.2,14.4333,44.74,95,75,6.91,broken clouds
295,Fairbanks,US,64.8378,-147.7164,30.22,92,90,0.0,mist
296,Humaita,BR,-7.5061,-63.0208,80.74,75,100,2.89,overcast clouds
297,Sangar,RU,63.9242,127.4739,20.8,96,100,5.39,overcast clouds
298,Binzhou,CN,37.3667,118.0167,51.85,74,0,4.45,clear sky
299,Ixtapa,MX,20.7,-105.2,86.23,78,64,4.0,broken clouds
300,Kinel-Cherkassy,RU,53.4706,51.4743,32.63,68,82,11.52,broken clouds
301,College,US,64.8569,-147.8028,30.2,92,90,0.0,mist
302,Anadyr,RU,64.75,177.4833,-3.5,76,0,8.01,clear sky
303,Kodinsk,RU,58.6881,99.1844,36.32,83,100,12.06,overcast clouds
304,Salme,NP,28.0369,85.0942,55.69,72,0,5.75,clear sky
305,San Policarpo,PH,12.1791,125.5072,79.83,84,53,8.79,broken clouds
306,Caravelas,BR,-17.7125,-39.2481,77.79,81,10,8.39,clear sky
307,Cairns,AU,-16.9167,145.7667,76.95,73,90,0.0,overcast clouds
308,Rudnogorsk,RU,57.2639,103.7519,31.01,90,100,3.6,overcast clouds
309,Sitka,US,57.0531,-135.33,46.29,76,75,4.61,light rain
310,Lasa,IT,46.6166,10.7002,40.37,87,16,4.38,few clouds
311,Luganville,VU,-15.5333,167.1667,79.83,82,11,2.33,few clouds
312,Saint-Augustin,CA,51.226,-58.6502,45.81,55,1,4.21,clear sky
313,Lavrentiya,RU,65.5833,-171.0,12.2,78,59,6.69,broken clouds
314,Udachnyy,RU,66.4167,112.4,0.45,100,93,5.28,overcast clouds
315,Glodeni,MD,47.7708,27.5144,47.08,68,0,11.63,clear sky
316,Tuatapere,NZ,-46.1333,167.6833,55.58,93,85,1.99,overcast clouds
317,Kirovsk,UA,48.6375,38.6428,36.18,42,14,4.65,few clouds
318,Cooma,AU,-36.2333,149.1333,40.77,100,90,8.05,overcast clouds
319,Villazon,BO,-22.0866,-65.5942,60.91,11,25,27.2,scattered clouds
320,Saint Marys,US,30.7305,-81.5465,87.06,55,1,5.01,clear sky
321,Batagay-Alyta,RU,67.8006,130.4114,4.33,87,100,4.54,overcast clouds
322,Preobrazheniye,RU,42.9019,133.9064,51.24,83,99,4.29,overcast clouds
323,Maraba,BR,-5.3686,-49.1178,78.98,94,75,4.61,moderate rain
324,Dunedin,NZ,-45.8742,170.5036,53.46,96,100,4.52,overcast clouds
325,Pudozh,RU,61.8099,36.5345,41.68,96,100,10.0,overcast clouds
326,Ginda,IN,30.6945,78.4932,48.24,46,0,6.89,clear sky
327,Sur,OM,22.5667,59.5289,79.39,76,0,10.74,clear sky
328,Isangel,VU,-19.55,169.2667,75.31,88,10,9.22,clear sky
329,Grand Gaube,MU,-20.0064,57.6608,74.37,69,2,8.99,clear sky
330,Tochio,JP,37.4667,139.0,49.55,95,70,4.07,broken clouds
331,Beringovskiy,RU,63.05,179.3167,8.4,96,100,23.02,light snow
332,Saint Anthony,US,45.0205,-93.218,58.14,47,1,5.01,clear sky
333,Verkhoyansk,RU,67.5447,133.385,-1.05,98,100,1.19,overcast clouds
334,Bulqize,AL,41.4917,20.2219,39.52,63,0,6.11,clear sky
335,Shingu,JP,33.7333,135.9833,60.31,75,96,4.29,overcast clouds
336,Mbalmayo,CM,3.5167,11.5,69.06,98,100,2.15,overcast clouds
337,Ures,MX,29.4333,-110.4,81.52,40,0,12.64,clear sky
338,Madisonville,US,37.3281,-87.4989,63.66,52,0,1.99,clear sky
339,Santiago Del Estero,AR,-27.7951,-64.2615,99.81,5,0,17.9,clear sky
340,Kavaratti,IN,10.5669,72.642,82.09,73,100,15.23,overcast clouds
341,Kabalo,CD,-6.05,26.9167,72.14,83,44,4.38,scattered clouds
342,Phangnga,TH,8.4509,98.5298,78.84,94,96,3.4,overcast clouds
343,Bubaque,GW,11.2833,-15.8333,82.24,74,100,9.42,overcast clouds
344,Uyemskiy,RU,64.4743,40.8524,30.25,93,90,6.71,light shower snow
345,Broken Hill,AU,-31.95,141.4333,60.51,17,4,9.22,clear sky
346,Buala,SB,-8.145,159.5921,80.98,79,72,5.26,broken clouds
347,Trincomalee,LK,8.5711,81.2335,81.66,72,100,7.16,overcast clouds
348,Vuktyl,RU,63.8567,57.3094,19.6,89,17,4.27,few clouds
349,Acarau,BR,-2.8856,-40.12,82.58,70,5,19.89,clear sky
350,Manta,EC,-0.95,-80.7333,80.38,74,90,5.75,overcast clouds
351,Isla Vista,US,34.4133,-119.861,74.79,50,1,6.91,clear sky
352,Cabedelo,BR,-6.9811,-34.8339,79.47,69,15,14.41,few clouds
353,Teknaf,BD,20.8624,92.3058,76.98,83,89,2.73,overcast clouds
354,Henties Bay,NA,-22.116,14.2845,60.85,90,3,6.89,clear sky
355,Kempten,DE,47.7267,10.3139,49.37,94,67,3.24,broken clouds
356,Havoysund,NO,70.9963,24.6622,34.03,69,90,29.44,light rain
357,Goure,NE,13.9835,10.2704,89.02,15,9,5.23,clear sky
358,Thinadhoo,MV,0.5333,72.9333,83.05,73,100,17.31,overcast clouds
359,Bosaso,SO,11.2842,49.1816,79.48,61,3,3.58,clear sky
360,Petropavlovsk-Kamchatskiy,RU,53.0452,158.6483,37.99,75,40,2.24,scattered clouds
361,Tyazhinskiy,RU,56.116,88.524,41.34,76,99,21.34,overcast clouds
362,Kankon,IN,15.0167,74.0167,77.11,75,9,5.88,light rain
363,Lensk,RU,60.7253,114.9278,22.35,92,31,7.61,scattered clouds
364,Mount Gambier,AU,-37.8333,140.7667,53.51,50,5,11.5,clear sky
365,Uyuni,BO,-20.4597,-66.825,61.74,9,29,12.91,scattered clouds
366,Zhezkazgan,KZ,47.8043,67.7144,40.46,58,100,12.97,overcast clouds
367,Anito,PH,12.4497,125.2886,78.3,89,68,6.67,broken clouds
368,Otjiwarongo,NA,-20.4637,16.6477,74.86,15,15,8.21,few clouds
369,Ambilobe,MG,-13.2,49.05,73.76,70,0,6.06,clear sky
370,Ushtobe,KZ,45.2514,77.9838,52.57,34,79,7.07,broken clouds
371,Bridlington,GB,54.0831,-0.1919,59.29,81,100,23.87,overcast clouds
372,Axim,GH,4.8699,-2.2405,78.1,86,100,6.82,overcast clouds
373,Rabo De Peixe,PT,37.8,-25.5833,69.31,83,75,14.97,broken clouds
374,Wukari,NG,7.85,9.7833,78.62,81,99,4.23,overcast clouds
375,Tadine,NC,-21.55,167.8833,74.37,84,96,9.71,overcast clouds
376,Ifakara,TZ,-8.1333,36.6833,72.9,84,94,3.8,light rain
377,Kidal,ML,18.4411,1.4078,88.14,14,63,4.5,broken clouds
378,Nishihara,JP,26.1842,127.7558,69.08,73,20,6.91,few clouds
379,Kletskaya,RU,49.3145,43.0584,35.74,49,60,7.47,broken clouds
380,Libertador General San Martin,AR,-23.8064,-64.7876,96.98,11,4,9.4,clear sky
381,Kokopo,PG,-4.352,152.2633,76.37,84,20,6.31,few clouds
382,Along,IN,28.1667,94.7667,59.7,96,16,2.24,few clouds
383,Bakchar,RU,57.0186,82.0711,29.79,70,100,16.96,overcast clouds
384,Rudbar,AF,30.15,62.6,64.17,20,0,3.76,clear sky
385,Talca,CL,-35.4333,-71.6667,83.16,24,0,9.15,clear sky
386,Vanavara,RU,60.34,102.2797,28.78,81,100,9.93,overcast clouds
387,Trairi,BR,-3.2778,-39.2689,81.82,71,9,14.74,clear sky
388,Nara,JP,34.6851,135.8049,56.7,87,99,1.28,overcast clouds
389,Amahai,ID,-3.3333,128.9167,78.17,86,83,3.83,broken clouds
390,Tura,IN,25.5198,90.2201,66.11,92,0,3.6,clear sky
391,Ancud,CL,-41.8697,-73.8203,57.42,87,100,10.45,overcast clouds
392,Ofunato,JP,39.0717,141.7167,50.67,86,9,6.04,clear sky
393,Ewa Beach,US,21.3156,-158.0072,82.35,61,1,8.05,clear sky
394,Kabanjahe,ID,3.1001,98.4908,63.36,97,100,3.02,overcast clouds
395,San Felipe,VE,10.3399,-68.7425,81.81,80,34,2.33,scattered clouds
396,Vilyuysk,RU,63.7553,121.6247,21.51,92,43,8.5,scattered clouds
397,Sao Cristovao,BR,-11.0147,-37.2064,84.11,65,40,12.66,scattered clouds
398,Egvekinot,RU,66.3167,-179.1667,1.65,88,90,4.88,overcast clouds
399,Takoradi,GH,4.8845,-1.7554,77.74,88,100,8.05,overcast clouds
400,Manado,ID,1.487,124.8455,75.97,94,20,0.0,few clouds
401,Muros,ES,42.7762,-9.0603,61.84,90,88,3.38,overcast clouds
402,Porterville,US,36.0652,-119.0168,65.66,82,75,3.44,broken clouds
403,Brae,GB,60.3964,-1.353,53.51,97,100,24.36,overcast clouds
404,Zhigansk,RU,66.7697,123.3711,26.06,97,100,7.18,snow
405,Alta,NO,69.9689,23.2717,31.24,77,75,4.61,broken clouds
406,Berdigestyakh,RU,62.0989,126.6992,27.19,94,100,3.71,overcast clouds
407,Matara,LK,5.9485,80.5353,75.87,91,100,6.78,heavy intensity rain
408,Bakaly,RU,55.1789,53.8028,32.61,68,95,13.27,overcast clouds
409,Pakxan,LA,18.3778,103.6601,66.96,91,94,3.74,overcast clouds
410,Dali,CN,25.7,100.1833,52.02,92,3,4.0,clear sky
411,Iracoubo,GF,5.4802,-53.2011,81.82,80,18,11.72,few clouds
412,Doka,SD,13.5167,35.7667,78.8,47,42,6.89,scattered clouds
413,Karratha,AU,-20.7377,116.8463,72.3,30,0,11.32,clear sky
414,Tahoua,NE,14.8888,5.2692,90.01,15,1,8.7,clear sky
415,Wasilla,US,61.5814,-149.4394,34.74,86,20,0.0,few clouds
416,Nago,JP,26.5881,127.9761,71.76,67,30,7.45,scattered clouds
417,Victoria Point,AU,-27.5833,153.3,69.91,95,96,1.01,overcast clouds
418,Bay Roberts,CA,47.5999,-53.2648,44.33,73,59,3.0,broken clouds
419,Saldanha,ZA,-33.0117,17.9442,68.32,55,42,11.23,scattered clouds
420,Rongcheng,CN,30.634,117.8517,60.03,73,99,0.69,light rain
421,Baft,IR,29.234,56.6057,52.07,47,54,4.36,broken clouds
422,Omboue,GA,-1.5746,9.2618,76.64,89,82,8.16,broken clouds
423,Vardo,NO,70.3705,31.1107,35.58,64,75,27.63,broken clouds
424,Melilla,ES,35.2937,-2.9383,68.2,82,75,8.05,broken clouds
425,Tilichiki,RU,60.4667,166.1,0.75,92,9,6.2,clear sky
426,Rio Grande,BR,-32.035,-52.0986,87.91,65,0,6.78,clear sky
427,Jumla,NP,29.2747,82.1838,42.35,79,2,4.14,clear sky
428,Avera,US,33.194,-82.5271,73.27,38,0,10.4,clear sky
429,La Ronge,CA,55.1001,-105.2842,43.05,87,90,9.22,overcast clouds
430,Anahuac,MX,27.2333,-100.15,92.1,37,53,13.56,broken clouds
431,Milici,BA,44.1711,19.0903,45.01,93,65,1.57,broken clouds
432,Puteyets,RU,65.1716,57.091,19.49,90,90,5.37,overcast clouds
433,Baependi,BR,-21.9589,-44.89,74.97,77,66,3.33,broken clouds
434,Quebo,GW,11.3333,-14.9333,76.77,89,99,3.67,overcast clouds
435,Batemans Bay,AU,-35.7167,150.1833,58.1,87,67,3.38,broken clouds
436,Talas,TR,38.6908,35.5538,32.67,55,0,1.14,clear sky
437,Sola,VU,-13.8833,167.55,80.62,78,100,7.25,overcast clouds
438,Jalu,LY,29.0331,21.5482,74.57,39,0,13.44,clear sky
439,Sokolo,ML,14.7328,-6.1219,92.89,27,62,4.83,broken clouds
440,Jishou,CN,28.3167,109.7167,55.27,84,39,2.19,scattered clouds
441,Mana,GF,5.6592,-53.7767,81.9,78,43,11.68,moderate rain
442,Hitachi,JP,36.6,140.65,49.75,84,82,4.16,broken clouds
443,Jangipur,IN,24.4667,88.0667,76.1,73,99,4.5,overcast clouds
444,Skiathos,GR,39.1623,23.4909,53.98,65,100,11.99,overcast clouds
445,Te Anau,NZ,-45.4167,167.7167,52.27,93,100,1.07,overcast clouds
446,Inuvik,CA,68.3499,-133.7218,27.61,96,75,1.14,broken clouds
447,Two Rivers,US,44.1539,-87.5693,53.46,58,1,6.91,clear sky
448,Tiarei,PF,-17.5333,-149.3333,84.22,79,29,8.75,scattered clouds
449,Sabla,NG,12.7525,4.7077,87.13,24,15,7.7,few clouds
450,Altay,CN,47.8667,88.1167,41.09,36,0,7.83,clear sky
451,Broome,US,42.2506,-75.833,54.19,82,90,3.0,mist
452,Narrabri,AU,-30.3167,149.7833,54.52,81,0,1.14,clear sky
453,Naze,JP,28.3667,129.4833,67.33,61,65,6.51,broken clouds
454,Enumclaw,US,47.2043,-121.9915,54.81,91,100,7.02,overcast clouds
455,Cacu,BR,-18.5567,-51.1308,82.56,60,100,5.28,overcast clouds
456,La Victoria,VE,10.2184,-67.3302,85.24,69,100,4.47,overcast clouds
457,Kuching,MY,1.55,110.3333,75.42,94,20,1.14,few clouds
458,Ocumare Del Tuy,VE,10.1165,-66.7761,89.73,79,100,0.56,overcast clouds
459,Dingle,PH,10.9995,122.6711,75.4,93,100,6.35,overcast clouds
460,New Braunfels,US,29.703,-98.1245,87.96,66,40,8.01,scattered clouds
461,Muravlenko,RU,63.7898,74.523,16.29,92,86,18.88,overcast clouds
462,Wollongong,AU,-34.4333,150.8833,63.18,82,44,2.98,scattered clouds
463,Urucara,BR,-2.5364,-57.76,89.35,56,91,1.23,overcast clouds
464,Killam,CA,52.7834,-111.8518,56.79,50,27,4.61,scattered clouds
465,Burnie,AU,-41.0667,145.9167,46.94,88,17,6.58,few clouds
466,Taichung,TW,24.1469,120.6839,76.48,82,40,1.99,scattered clouds
467,Half Moon Bay,US,37.4636,-122.4286,67.41,68,75,1.01,broken clouds
468,Krasnyy Chikoy,RU,50.3643,108.7512,30.72,79,1,3.47,clear sky
469,Rawson,AR,-43.3002,-65.1023,75.9,23,100,26.8,overcast clouds
470,Tres Arroyos,AR,-38.3739,-60.2798,89.24,19,0,10.96,clear sky
471,Kharp,RU,66.8014,65.8081,15.87,90,100,8.55,overcast clouds
472,Koutsouras,GR,35.0339,25.9469,63.1,81,29,8.03,scattered clouds
473,Goderich,CA,43.7501,-81.7165,46.9,76,100,13.8,overcast clouds
474,Krasnokamensk,RU,50.0979,118.0369,33.55,76,0,8.48,clear sky
475,Lincoln,US,40.8,-96.667,57.58,67,90,21.85,overcast clouds
476,Bilibino,RU,68.0546,166.4372,-16.02,100,100,0.89,overcast clouds
477,Puerto Escondido,MX,15.85,-97.0667,86.22,71,27,8.5,scattered clouds
478,Granville,AU,-33.8333,151.0167,63.37,78,75,5.75,broken clouds
479,Doha,QA,25.2867,51.5333,82.38,47,0,9.22,clear sky
480,Huamachuco,PE,-7.8,-78.0667,58.21,65,100,3.24,light rain
481,Beloha,MG,-25.1667,45.05,75.6,70,15,8.7,few clouds
482,Corn Island,NI,12.1694,-83.0418,84.0,73,96,8.97,light rain
483,Honningsvag,NO,70.9821,25.9704,33.55,69,75,23.02,broken clouds
484,Iquique,CL,-20.2208,-70.1431,64.44,67,31,3.24,scattered clouds
485,Geraldton,AU,-28.7667,114.6,59.41,82,75,19.57,broken clouds
486,Taganak,PH,6.0833,118.3,78.94,73,78,1.99,broken clouds
487,Grootfontein,NA,-19.5667,18.1167,78.37,19,86,3.44,overcast clouds
488,Vao,NC,-22.6667,167.4833,72.16,85,100,14.38,overcast clouds
489,Marsa Matruh,EG,31.3525,27.2453,71.8,73,20,8.05,few clouds
490,Sanchursk,RU,56.9413,47.2499,33.48,87,100,8.66,overcast clouds
491,Belmonte,BR,-15.8631,-38.8828,81.1,80,17,9.66,few clouds
492,Key West,US,24.5557,-81.7826,87.01,79,40,10.36,scattered clouds
493,Tautira,PF,-17.7333,-149.15,84.22,79,29,8.95,light rain
494,Antoniny,UA,49.8097,26.8771,39.69,67,72,9.1,broken clouds
495,Partizanskoye,RU,55.5006,94.39,48.83,48,100,16.82,overcast clouds
496,Ahipara,NZ,-35.1667,173.1667,63.43,87,100,6.33,overcast clouds
497,Nyamuswa,TZ,-1.9,34.0167,70.66,61,15,4.74,few clouds
498,Rodenbach,DE,50.15,9.0333,52.02,88,94,4.59,overcast clouds
499,Fuglebjerg,DK,55.306,11.5477,51.55,90,94,13.71,light rain
500,Yasenskaya,RU,46.3592,38.269,41.13,48,4,10.85,clear sky
501,Ranong,TH,9.9658,98.6348,77.13,92,82,4.79,broken clouds
502,Akyab,MM,20.15,92.9,77.81,82,84,4.63,broken clouds
503,Roebourne,AU,-20.7833,117.1333,73.38,27,0,9.95,clear sky
504,Troitskoye,RU,52.9821,84.6757,41.74,73,85,12.57,overcast clouds
505,Toowoomba,AU,-27.55,151.9667,60.26,92,96,3.0,overcast clouds
506,Santa Lucia,ES,27.9117,-15.5407,65.52,66,75,17.27,broken clouds
507,Berlevag,NO,70.8578,29.0864,33.8,64,75,32.21,light shower snow
508,Huaral,PE,-11.495,-77.2078,65.05,62,62,7.99,broken clouds
509,Turukhansk,RU,65.8167,87.9833,22.3,86,100,21.09,light snow
510,Lulea,SE,65.5842,22.1547,32.07,100,90,9.22,overcast clouds
511,Tayu,ID,-6.5397,111.0518,78.3,87,100,6.78,heavy intensity rain
512,Zeya,RU,53.75,127.2667,33.13,93,100,2.68,overcast clouds
513,Ust-Omchug,RU,61.15,149.6333,-4.2,99,41,1.3,scattered clouds
514,Samur,RU,41.8253,48.486,45.07,77,93,4.76,overcast clouds
515,Mayumba,GA,-3.432,10.6554,76.86,90,100,6.98,light rain
516,Codrington,AU,-38.2667,141.9667,48.6,55,0,8.95,clear sky
517,Verkhnevilyuysk,RU,63.4453,120.3167,20.86,89,63,8.28,broken clouds
518,Vestmannaeyjar,IS,63.4427,-20.2734,45.25,85,100,42.43,overcast clouds
519,Agbor,NG,6.2518,6.1934,74.8,94,46,2.84,moderate rain
520,Xingyi,CN,24.1877,102.817,56.8,98,100,2.91,overcast clouds
521,Leningradskiy,RU,69.3833,178.4167,8.83,94,100,23.44,light snow
522,Magan,ES,39.9683,-3.931,66.47,42,2,4.88,clear sky
523,Kutum,SD,14.2,24.6667,76.95,21,52,11.05,broken clouds
524,Sorland,NO,67.667,12.6934,41.07,86,62,2.44,broken clouds
525,Pacifica,US,37.6138,-122.4869,66.96,74,75,3.0,broken clouds
526,Miyako,JP,39.6367,141.9525,49.96,80,9,5.28,clear sky
527,Leh,IN,34.1667,77.5833,29.7,59,96,1.05,overcast clouds
528,Ellsworth,US,44.5434,-68.4195,54.12,90,90,4.0,light rain
529,Yalta,UA,44.5,34.1667,46.67,82,30,10.85,scattered clouds
530,Ostersund,SE,63.1792,14.6357,39.65,93,26,6.91,scattered clouds
531,Nivala,FI,63.9167,24.9667,40.68,95,100,5.97,overcast clouds
532,Bonthe,SL,7.5264,-12.505,78.93,80,98,4.92,overcast clouds
533,Tambopata,PE,-12.7333,-69.1833,82.29,61,75,4.61,broken clouds
534,Palembang,ID,-2.9167,104.7458,75.67,90,100,2.68,overcast clouds
535,Kendari,ID,-3.945,122.4989,77.47,88,100,3.24,overcast clouds
536,Airai,TL,-8.9266,125.4092,61.95,82,62,1.19,broken clouds
537,Camocim,BR,-2.9022,-40.8411,84.43,65,3,19.71,clear sky
538,Mareeba,AU,-17.0,145.4333,68.72,96,34,3.36,scattered clouds
539,Jurilovca,RO,44.7667,28.8667,46.49,65,56,10.56,broken clouds
540,Svetlaya,RU,46.5389,138.3297,46.15,57,54,4.41,broken clouds
541,Muli,MV,2.9167,73.5667,81.41,79,100,13.53,overcast clouds
542,Porto Uniao,BR,-26.2381,-51.0783,74.84,54,100,3.31,overcast clouds
543,Almaty,KZ,43.25,76.95,39.11,65,40,2.24,smoke
544,Torrington,US,41.8007,-73.1212,61.68,98,100,7.0,moderate rain
545,Cananeia,BR,-25.0147,-47.9267,71.65,82,100,6.42,overcast clouds
546,Andros Town,BS,24.7,-77.7667,85.96,65,96,13.62,overcast clouds
547,Manzhouli,CN,49.6,117.4333,35.04,71,0,10.56,clear sky
548,Perry,US,37.2506,-83.1999,55.54,53,92,3.76,overcast clouds
549,Lima,PE,-12.0432,-77.0282,67.14,68,75,10.36,broken clouds
550,Phan Thiet,VN,10.9333,108.1,74.98,91,100,6.76,overcast clouds
551,Ceres,US,37.5949,-120.9577,66.11,63,1,0.0,clear sky
552,Lahaina,US,20.8783,-156.6825,81.81,65,0,4.59,clear sky
553,Novyy Urengoy,RU,66.0833,76.6333,20.57,95,100,11.97,overcast clouds
554,Visnes,NO,59.3556,5.2242,51.57,87,75,17.27,light rain
555,Vagur,FO,61.4732,-6.8119,50.61,86,100,29.39,overcast clouds
556,Durango,MX,24.8333,-104.8333,75.78,32,0,15.32,clear sky
557,Yerofey Pavlovich,RU,53.9667,121.9667,28.56,92,33,3.85,scattered clouds
558,Demir Kapija,MK,41.405,22.2489,47.01,74,0,3.58,clear sky
559,Kasongo-Lunda,CD,-6.4667,16.8167,72.63,85,100,0.67,light rain
560,Tezu,IN,27.9167,96.1667,66.94,57,0,4.25,clear sky
561,Taloqan,AF,36.7361,69.5345,54.28,47,0,4.92,clear sky
562,Pyshchug,RU,58.8873,45.7134,34.11,94,100,6.62,overcast clouds
563,Labuhan,ID,-6.8844,112.2051,79.48,82,100,6.15,light rain
564,Lebedinyy,RU,58.5167,125.5167,24.49,95,100,7.99,light snow
565,Palatca,RO,46.85,23.9833,36.39,52,0,1.81,clear sky
566,Arteaga,MX,18.4667,-102.4167,73.56,78,96,2.66,overcast clouds
567,Nikel,RU,69.4128,30.222,30.38,89,100,20.96,overcast clouds
568,Acapulco,MX,16.8634,-99.8901,84.4,75,44,5.14,scattered clouds
569,Prince George,CA,53.9166,-122.753,50.25,66,1,1.99,clear sky
570,Alyangula,AU,-13.8483,136.4192,75.07,100,11,0.0,few clouds
571,Sorong,ID,-0.8833,131.25,79.43,82,91,3.65,overcast clouds
572,Remagen,DE,50.5788,7.227,54.79,82,99,5.17,overcast clouds
573,Moose Factory,CA,51.2585,-80.6094,39.2,93,90,8.05,overcast clouds
574,Vostok,RU,46.4856,135.8833,35.69,76,100,4.47,moderate rain
575,Ilam,NP,26.9167,87.9167,57.94,86,0,5.41,clear sky
576,Naqadeh,IR,36.9553,45.388,48.06,41,100,5.88,overcast clouds
577,Semnan,IR,35.5729,53.3971,53.06,58,5,10.09,clear sky
578,Calama,CL,-22.4667,-68.9333,72.09,11,0,27.63,clear sky
579,Kapit,MY,2.0167,112.9333,73.29,99,96,0.43,overcast clouds
580,Domoni,KM,-12.2569,44.5319,78.22,85,67,6.15,broken clouds
581,Linao,PH,7.1678,124.9675,74.37,98,100,4.5,light rain
582,Sale,MA,34.0389,-6.8166,66.63,94,40,0.0,scattered clouds
583,Tuy Hoa,VN,13.0833,109.3,77.95,94,100,22.88,heavy intensity rain
584,Juneau,US,58.3019,-134.4197,46.85,91,90,0.0,overcast clouds
585,Ilhabela,BR,-23.7781,-45.3581,71.46,86,64,3.6,broken clouds
586,Gobabis,NA,-22.45,18.9667,78.57,15,63,4.61,broken clouds
587,Bonavista,CA,48.6499,-53.1147,41.11,71,100,12.82,overcast clouds
588,Road Town,VG,18.4167,-64.6167,88.2,74,20,8.05,few clouds
589,Santa Vitoria Do Palmar,BR,-33.5189,-53.3681,80.71,52,0,8.12,clear sky
590,Spruce Grove,CA,53.5334,-113.9187,54.75,53,1,1.99,clear sky
591,San Vicente,AR,-26.6167,-54.1333,82.11,38,18,4.63,few clouds
592,Pindiga,NG,9.9833,10.9333,79.07,69,77,8.46,broken clouds
593,Mahanje,TZ,-9.9333,35.3333,66.13,89,53,3.51,light rain
594,Pangnirtung,CA,66.1451,-65.7125,32.0,74,75,14.97,broken clouds
595,Praia,CV,14.9215,-23.5087,79.34,78,0,17.27,clear sky
596,Porto Torres,IT,40.835,8.3972,55.58,77,0,1.77,clear sky
597,Lukovetskiy,RU,64.2956,41.9211,30.18,98,100,5.53,snow
598,Chalons-En-Champagne,FR,48.9539,4.3672,53.67,90,81,5.84,broken clouds
599,Xiaolingwei,CN,32.0333,118.85,58.98,73,100,4.83,light rain
600,Tanout,NE,14.9709,8.8879,89.11,15,17,8.12,few clouds
601,Canita,PA,9.2097,-78.8811,83.5,71,92,6.24,overcast clouds
602,Vrangel,RU,42.7297,133.0839,52.57,87,100,2.89,moderate rain
603,Pauini,BR,-7.7136,-66.9764,80.74,84,100,1.39,overcast clouds
604,Gat,IL,31.61,34.7642,70.81,70,0,6.15,clear sky
605,Nancha,CN,47.1333,129.2667,36.09,88,0,3.49,clear sky
606,Pemangkat,ID,1.1667,108.9667,79.7,80,100,2.84,overcast clouds
607,Kontagora,NG,10.3999,5.4695,80.53,57,36,3.4,scattered clouds
608,Salalah,OM,17.0151,54.0924,77.09,50,0,4.61,clear sky
609,Atasu,KZ,48.6814,71.6433,38.25,93,100,12.77,overcast clouds
610,San Carlos,VE,9.6612,-68.5827,81.3,79,100,2.06,overcast clouds
611,Witu,KE,-2.3889,40.4382,80.76,88,98,9.19,overcast clouds
612,Yulara,AU,-25.2406,130.9889,73.24,56,52,3.44,broken clouds
613,Northam,GB,51.0333,-4.2167,59.41,91,100,17.85,overcast clouds
614,Pankrushikha,RU,53.8319,80.3406,32.45,60,95,14.43,overcast clouds
615,Hamburg,DE,53.55,10.0,53.29,96,75,10.36,broken clouds
616,Bar Harbor,US,44.3876,-68.2039,54.34,87,90,8.01,overcast clouds
617,Teguldet,RU,57.3064,88.1667,38.44,68,100,18.48,overcast clouds
618,Tamara,HN,14.15,-87.3333,82.15,40,40,6.91,scattered clouds
619,Severo-Yeniseyskiy,RU,60.3725,93.0408,35.51,96,100,15.99,light rain
620,Isakly,RU,54.1333,51.5333,32.88,70,100,10.89,overcast clouds
621,Grindavik,IS,63.8424,-22.4338,43.27,87,90,13.8,heavy intensity rain
622,Roma,US,43.2128,-75.4557,55.96,93,90,10.36,moderate rain
623,Albacete,ES,38.8333,-2.0,56.21,77,20,4.61,few clouds
624,Hasaki,JP,35.7333,140.8333,52.29,68,20,4.18,few clouds
625,Worland,US,44.0169,-107.9554,44.08,83,90,11.01,light rain
626,Cabra,ES,37.4725,-4.4421,63.84,59,64,4.7,broken clouds
627,Luanda,AO,-8.8368,13.2343,75.25,77,75,12.03,broken clouds
628,Kuremaa,EE,58.7353,26.5383,42.48,95,100,8.88,overcast clouds
629,Seoul,KR,37.5683,126.9778,60.24,84,75,3.44,mist
630,Uni,RU,57.7535,51.4923,32.67,98,100,11.01,overcast clouds
631,Vila Velha,BR,-20.3297,-40.2925,76.95,83,20,10.36,few clouds
632,Olinda,BR,-8.0089,-34.8553,82.13,65,75,10.36,broken clouds
633,Kasane,BW,-17.8167,25.15,74.7,57,65,1.3,light rain
634,Comodoro Rivadavia,AR,-45.8667,-67.5,75.06,23,0,27.63,clear sky
635,Georgiyevskoye,RU,58.731,45.024,34.0,94,100,7.29,overcast clouds
636,Noyabrsk,RU,63.1994,75.4507,17.51,90,100,21.14,overcast clouds
637,Flinders,AU,-34.5833,150.8552,60.8,82,46,2.98,scattered clouds
638,Mossendjo,CG,-2.9506,12.7261,70.39,99,98,2.13,overcast clouds
639,Vanderhoof,CA,54.0166,-124.0198,48.24,60,100,6.89,overcast clouds
640,Talakan,RU,50.3167,130.3667,33.21,95,42,2.08,scattered clouds
641,Bainbridge,US,47.6262,-122.5212,56.57,86,90,1.01,overcast clouds
642,Octeville,FR,49.6261,-1.6435,60.66,88,100,14.97,overcast clouds
643,Yar-Sale,RU,66.8333,70.8333,15.96,94,61,7.47,broken clouds
644,Zaranj,AF,30.9667,61.8833,57.16,24,0,9.84,clear sky
645,Bairiki,KI,1.3292,172.9752,80.6,78,20,1.14,few clouds
646,Port Moresby,PG,-9.4431,147.1797,74.62,100,40,11.5,scattered clouds
647,Skala Fourkas,GR,39.9998,23.3841,52.43,55,1,1.72,clear sky
648,Belfast,GB,54.5833,-5.9333,62.38,76,90,20.71,overcast clouds
649,Abu Samrah,SY,35.3029,37.1841,66.27,37,31,3.56,scattered clouds
650,Sao Joao Da Barra,BR,-21.6403,-41.0511,78.89,95,100,4.25,overcast clouds
651,Sinnamary,GF,5.3833,-52.95,81.95,79,44,11.79,scattered clouds
652,Nabire,ID,-3.3667,135.4833,74.52,92,68,3.2,broken clouds
653,Walvis Bay,NA,-22.9575,14.5053,61.09,72,5,9.22,clear sky
654,Sobolevo,RU,54.4299,31.8996,40.39,61,100,12.93,overcast clouds
655,Nalut,LY,30.3333,10.85,66.2,57,97,12.17,overcast clouds
656,Cap Malheureux,MU,-19.9842,57.6142,74.46,69,1,8.99,clear sky
657,Gondanglegi,ID,-7.7479,112.0132,76.77,86,58,10.49,broken clouds
658,El Alto,PE,-4.2714,-81.2147,73.06,68,100,12.03,overcast clouds
659,Bose,IT,45.4612,8.0137,53.24,87,4,3.44,clear sky
660,Yashkul,RU,46.1711,45.3435,37.17,56,0,0.56,clear sky
661,Almeirim,BR,-1.5233,-52.5817,88.5,57,52,5.41,broken clouds
662,Bira,RU,49.0,132.4667,37.89,94,14,3.56,few clouds
663,Dicabisagan,PH,17.0818,122.4157,77.83,84,98,6.82,overcast clouds
664,Dryden,CA,49.7833,-92.7503,43.09,70,90,13.8,overcast clouds
665,Koppang,NO,61.5706,11.0555,35.96,90,74,2.37,broken clouds
666,Obidos,BR,-1.9175,-55.5181,91.15,49,65,4.18,light rain
667,Beian,NO,63.6559,9.5683,47.01,93,40,6.91,scattered clouds
668,Iquitos,PE,-3.7481,-73.2472,77.04,83,90,4.61,overcast clouds
669,Kingsport,US,36.5484,-82.5618,58.12,63,75,5.01,broken clouds
670,Kalach-Na-Donu,RU,48.691,43.5264,31.32,50,20,4.94,few clouds
671,Port Washington,US,40.8257,-73.6982,64.81,79,75,1.01,broken clouds
672,Kholodnyy,RU,62.7167,147.95,-8.0,100,52,1.28,broken clouds
673,Nosy Varika,MG,-20.5833,48.5333,70.56,86,1,7.14,clear sky
674,Parry Sound,CA,45.3501,-80.033,42.71,93,100,13.65,overcast clouds
675,Arco,IT,45.9177,10.8867,53.17,85,2,3.62,clear sky
676,Nam Som,TH,17.7704,102.1895,73.02,88,43,1.21,light rain
677,Palampur,IN,32.1167,76.5333,54.05,44,0,5.35,clear sky
678,Kouqian,CN,43.6391,126.4578,38.19,76,6,4.92,clear sky
679,Kieta,PG,-6.2167,155.6333,77.97,80,34,5.91,scattered clouds
680,Babu,CN,24.4167,111.5167,63.82,86,90,4.36,overcast clouds
